Підкатегорія;Код;Доступ;Категорія
1920-30;43;Вільний;Часові періоди
Музика 00-х;13;Вільний;Аудіо
1930-40;67;Вільний;Часові періоди
Документи на власність;83;Частковий;Документи
1940-50;11;Вільний;Часові періоди
Документи приватні;57;Закритий;Документи
Документи розсекречені 1960-70;92;Вільний;Документи
Друга світова війна;8;Частковий;Події
Перша світова війна;7;Вільний;Події
Документи невідновлені;17;Закритий;Документи
Відкриття Америки;90;Вільний;Події
Технології 19ст;61;Вільний;Технології
Записи розмов;49;Частковий;Аудіо
Аудіокниги;79;Вільний;Аудіо
Технології 20ст;26;Вільний;Технології
Технології 21ст;28;Вільний;Технології
